id,syoshin_cd,syohin_mei,maker_cd,dai_bunrui_cd,chu_bunrui_cd,sho_bunrui_cd,sai_bunrui_cd,maker,dai_bunrui,chu_bunrui,sho_bunrui,sai_bunrui
1,4905164325210,ＣＢＡペアショーツ　Ｌ　１５４　８４７６０ＦＳ,4901020,500000,510000,510100,510105,4901020_アツギ,500000_衣料・身回り品,510000_衣料・衣服,510100_肌着・靴下,510105_婦人肌着
2,4560108663294,シービー　スーパージャンボ角ハンガーＢＫ　４８Ｐ,456010866,200000,240000,240300,240303,456010866_シービージャパン,200000_日用品,240000_家庭用品,240300_洗濯・物干し用品,240303_物干し用品
3,4937292999926,ウッドストック　キッズＤＶＤ,4937292,300000,340000,340900,340901,4937292_ウッドストック,300000_文化用品,340000_楽器・音響ソフト,340900_記録物類,340901_ディスク式記録物類
4,4902154003400,浪花屋　元祖柿の種スリムパック　６０ｇ,4902154,100000,130000,130100,130129,4902154_浪花屋製菓,100000_食　品,130000_菓子類,130100_菓子,130129_米菓
5,4986614244008,オカザキ　健康サンダル　ナチュラル　Ｍ,4986614,500000,550000,550500,550548,4986614_オカザキ,500000_衣料・身回り品,550000_靴・履物,550500_メンズ（合皮）,550548_ヘップサンダル
6,4901901595694,マルハニチロ　フルティシエ沖縄県産アセロラ２０５ｇ,456220215,100000,130000,130200,130203,456220215_マルハニチロ,100000_食　品,130000_菓子類,130200_デザート・ヨーグルト,130203_デザート類
7,4548514139541,バスクリン　ピュアスキン　しっとり涼肌,4548514,200000,210000,212200,212207,4548514_バスクリン,200000_日用品,210000_日用雑貨,212200_石鹸類,212207_入浴剤
8,4580212412083,テクノ　日射しカットフィルム　３２×９０ｃｍ,458021241,200000,250000,259700,259797,458021241_テクノエイム,200000_日用品,250000_ＤＩＹ用品,259700_その他ＤＩＹ用品,259797_その他ＤＩＹ用品
9,4906470002024,関西ノート　国語帳　３．４年用,4906470,300000,310000,310700,310715,4906470_関西ノート,300000_文化用品,310000_文具・事務用品・情報文具,310700_教育関連用品,310715_学童用品・教材教具
10,4901301362209,花王　アタックギフト　Ｋ・ＡＫ－４０,4901301,200000,290000,290100,290101,4901301_花王,200000_日用品,290000_その他日用品,290100_日用贈答品,290101_日用贈答品
11,4902713132602,マルコメ　ダイズラボそのまま食べる大豆粉　１００ｇ,4902713,100000,110000,119700,119701,4902713_マルコメ,100000_食　品,110000_加工食品,119700_その他加工食品,119701_農産加工品
12,4901105200028,アイセン　貼り付く　ネコのマルチフック　１個,4901105,200000,240000,240800,240805,4901105_アイセン,200000_日用品,240000_家庭用品,240800_リビング用品,240805_ハンガーボード・フック
13,4902715535500,丸大　うす塩ブロックベーコン　１０２ｇ,4902715,100000,110000,111500,111511,4902715_丸大食品,100000_食　品,110000_加工食品,111500_加工肉類,111511_ベーコン
14,4970641004285,伊賀屋　京豆苑もちもち絹厚揚げ　２個,4970641,100000,110000,111800,111897,4970641_伊賀屋食品工業,100000_食　品,110000_加工食品,111800_水物,111897_その他水物
15,4513744063652,ヤマハ　ピアニカ　青　Ｐ－３２ＥＪ,4513744,300000,340000,340200,340207,4513744_ヤマハミュージックジャパン,300000_文化用品,340000_楽器・音響ソフト,340200_オルガン類,340207_けん盤ハーモニカ
16,4902111734422,ラックス　ダメージＰペアミニジャー付,4902111,200000,230000,232500,232597,4902111_ユニリーバ・ジャパン,200000_日用品,230000_化粧品,232500_インバスヘアケア,232597_その他インバスヘアケア
17,4967853109549,クミックス　指先強化ウレタン快適手袋Ｍ　１Ｐ,4967853,200000,240000,249700,249715,4967853_全農クミックス,200000_日用品,240000_家庭用品,249700_その他家庭用品,249715_家庭用手袋
18,4969757010617,協和　ロマンス金封　１Ｐ,4969757,300000,310000,310600,310603,4969757_協和紙工,300000_文化用品,310000_文具・事務用品・情報文具,310600_日用紙製品,310603_礼式用品
19,7640111494324,グレカボテイーヌ　３０ｍＬ,0,200000,230000,232400,232401,000000000_不明,200000_日用品,230000_化粧品,232400_フレグランス,232401_香水
20,4527688415521,中村　おくら　１００ｇ,4527688,100000,120000,120300,120397,4527688_中村青果市場,100000_食　品,120000_生鮮食品,120300_農産,120397_その他農産
21,4962739002709,平庄商店　焼き鮭ほぐし身寒風干し　１８０ｇ,4962739,100000,110000,112100,112197,4962739_平庄商店,100000_食　品,110000_加工食品,112100_加工水産,112197_その他加工水産
22,4562152086760,セイウ　鯖缶詰　水煮　２００ｇ,456215208,100000,110000,110800,110801,456215208_セイウ,100000_食　品,110000_加工食品,110800_缶詰,110801_水産缶詰（マグロ・カツオ以外）
23,4930726101988,キッコーマンソイＦ　豆乳飲料ラムレーズン２００ｍｌ,4930726,100000,140000,140400,140403,4930726_キッコーマンソイフーズ,100000_食　品,140000_飲料・酒類,140400_乳飲料,140403_豆乳
24,4987603431256,サルバ　ガーゼねまき　着ごこち　男性用　Ｌ,4987603,500000,530000,530700,530709,4987603_白十字,500000_衣料・身回り品,530000_寝具・寝装品,530700_寝装品,530709_ねまき
25,4987067272501,キューピーコーワゴールドドリンク　５０ｍｌ×３本,4987646,200000,220000,224500,224503,4987646_興和,200000_日用品,220000_ＯＴＣ医薬品類,224500_滋養強壮関連（指定医薬部外品）,224503_ミニドリンク剤（指定医薬部外品）
26,4527749137614,ドライブポケットミニＢＫ　ＧＤ－１３７６１,4527749,400000,430000,431600,431607,4527749_デコレ,400000_耐久消費財,430000_車両用品,431600_車用アクセサリー,431607_車内アクセサリー
27,4547847272833,ＡＵＪ３０１　ウチコレ　７８３　ＧＲ　２６,4901420,500000,550000,551000,551091,4901420_グンゼ,500000_衣料・身回り品,550000_靴・履物,551000_その他の靴,551091_ルームシューズ
28,4902011723106,エルフォーレ　トイレ　１Ｐ　１２Ｒ,4902011,200000,210000,212300,212307,4902011_大王製紙,200000_日用品,210000_日用雑貨,212300_衛生紙用品・用具,212307_トイレットペーパー
29,4909001802575,マインド　ハートセレクションシール　８０２５７,4909001,300000,310000,319700,319797,4909001_マインドウェイブ,300000_文化用品,310000_文具・事務用品・情報文具,319700_一般文具・事務用品・情報文具,319797_その他一般文具・事務用品・情報文具
30,4902806212013,ルシードエル　ミルクジャムヘアカラー　生チョコＧ,4902806,200000,230000,232700,232701,4902806_マンダム,200000_日用品,230000_化粧品,232700_ヘアカラー,232701_黒髪用カラーリング剤
31,4902122083816,ニコニコ　セット　ＭＢ－４０ＫＨ,4902122,100000,190000,190300,190301,4902122_ニコニコのり,100000_食　品,190000_その他食品,190300_食品贈答品,190301_食品贈答品
32,4905842112194,タイガー　ワルサーＰ－３８　袋入り,4905842,300000,320000,322100,322197,4905842_玩具総合メーカーアイドル,300000_文化用品,320000_玩具,322100_ガン,322197_その他　ガン
33,4903588129155,やわらかササミ＆ささみロングＳＴ低脂肪野菜２００ｇ,4903588,200000,260000,262100,262101,4903588_ペティオ,200000_日用品,260000_ペット用品,262100_犬,262101_犬フード
34,4901080656315,トワイト　固形クリーナー　貼るタイプ　ＦＬ　１個,4901080,200000,210000,212900,212903,4901080_アース製薬,200000_日用品,210000_日用雑貨,212900_住居用洗剤類,212903_トイレ用洗剤
35,4562194058602,ＳＦＪ　二重跳びなわとび　５００－２４１６,456219405,300000,320000,322800,322897,456219405_サンフレイムジャパン,300000_文化用品,320000_玩具,322800_トイスポーツ,322897_その他スポーツ
36,4971710310832,ソフティモ　ホワイトＣＬオイル　ミニ　６０ｍｌ,4971710,200000,230000,232100,232103,4971710_コーセー,200000_日用品,230000_化粧品,232100_基礎化粧品,232103_メイク落とし
37,4902111740720,ラックス美容液Ｓストレートメモリーセラム１００ｍｌ,4902111,200000,230000,232600,232605,4902111_ユニリーバ・ジャパン,200000_日用品,230000_化粧品,232600_ヘアメイク,232605_ブロー・スタイリング剤
38,4903419176686,リヒト　パンチレスファイル　Ｇ１２１０青,4903419,300000,310000,310200,310201,4903419_リヒトラブ,300000_文化用品,310000_文具・事務用品・情報文具,310200_ファイル・バインダー,310201_ファイル
39,4966149338106,伊勢藤　ＣＤボックス１０１　ブラウン,4966149,300000,310000,310100,310197,4966149_伊勢藤,300000_文化用品,310000_文具・事務用品・情報文具,310100_情報整理用品,310197_情報整理用品一般
40,4901577027581,ジャネフ　ファインケア　コーヒー風味　１２５ｍｌ,4901577,100000,190000,190200,190201,4901577_キユーピー,100000_食　品,190000_その他食品,190200_健康食品,190201_健康食品
41,4901190801018,酔鯨　純米大吟醸　山田錦　７２０ｍｌ,4901190,100000,140000,140600,140601,4901190_旭食品,100000_食　品,140000_飲料・酒類,140600_アルコール飲料,140601_清酒
42,4902188022125,めいらく　ＬＣアイスコーヒー　無糖　　２５０ｍｌ,4902188,100000,140000,140300,140307,4902188_名古屋製酪,100000_食　品,140000_飲料・酒類,140300_清涼飲料,140307_コーヒードリンク
43,4961607101957,ケンコー　双眼鏡　ＶＴ－０７１８ＹＥ,4961607,400000,450000,450300,450301,4961607_ケンコー・トキナー,400000_耐久消費財,450000_光学・写真関連品,450300_光学機器,450301_双眼鏡
44,4901601420081,エクレール２　コンパクトラック　ＤＲ５３１５,4901601,200000,240000,240400,240411,4901601_貝印,200000_日用品,240000_家庭用品,240400_台所用品,240411_流し用品
45,4971710471953,ＶＳＲ　ジエミイアイ　＃００１,4971710,200000,230000,232200,232209,4971710_コーセー,200000_日用品,230000_化粧品,232200_メイクアップ化粧品,232209_アイカラー
46,4902571120346,はくばく　米粒麦　８００ｇ,4902571,100000,110000,111400,111497,4902571_はくばく,100000_食　品,110000_加工食品,111400_穀物,111497_その他穀物
47,4949486565039,ＶＰ抗菌アルミホイル　２５ｃｍｘ８ｍ　ＢＯＸ,4949486,200000,240000,240100,240103,4949486_八社会,200000_日用品,240000_家庭用品,240100_食品包装,240103_アルミホイル
48,4987300026120,ネーブルファイン　３００ｃｐ,4987300,200000,220000,222200,222205,4987300_エスエス製薬,200000_日用品,220000_ＯＴＣ医薬品類,222200_ビタミン主薬製剤,222205_ビタミンＥ主薬製剤
49,4902720109116,森永乳業　ドライミルク　はぐくみ　大缶　８１０ｇ,4902720,100000,190000,190100,190101,4902720_森永乳業,100000_食　品,190000_その他食品,190100_乳幼児食品,190101_育児用ミルク
50,4987087022308,塩野義　タッチコレクトⅡ　４０枚,4987087,200000,210000,212100,212111,4987087_塩野義製薬,200000_日用品,210000_日用雑貨,212100_口中衛生用品,212111_義歯用品
51,4987167431211,ニチバン　ホワイトテープ　Ｗ１２９,4987167,200000,210000,212600,212611,4987167_ニチバン,200000_日用品,210000_日用雑貨,212600_衛生医療用品・用具,212611_固定テープ・巻絆創膏
52,49739442,センタン　古都の氷華いちごフロート　１５０ｍｌ,4976633,100000,130000,130400,130497,4976633_林一二,100000_食　品,130000_菓子類,130400_アイスクリーム類,130497_パーソナルアイスその他
53,4901480415819,マグネットシ－ト　白　マク－３０,4901480,300000,310000,311300,311301,4901480_コクヨ,300000_文化用品,310000_文具・事務用品・情報文具,311300_デザイン画材用品,311301_レタリングシート
54,4979962207467,ヤスダ　アタック　ブルー,4979962,500000,560000,562200,562209,4979962_安田工業所,500000_衣料・身回り品,560000_スポーツ用品,562200_水泳,562209_水泳　防具
55,4901820720924,パスコ　ファミリーモーニング　５枚,4901820,100000,110000,111300,111303,4901820_敷島製パン,100000_食　品,110000_加工食品,111300_パン・シリアル類,111303_菓子パン
56,4571104710073,ＭｉａｗＭｉａｗクリーミー　本枯節風味　４０ｇ,456210094,200000,260000,262200,262201,456210094_アイシア,200000_日用品,260000_ペット用品,262200_猫,262201_猫フード
57,4902412420987,富士甚　黒胡麻ニンニクのたれ　５００ｇ,4902412,100000,110000,110100,110133,4902412_富士甚醤油,100000_食　品,110000_加工食品,110100_調味料,110133_焼き肉のたれ
58,4901004040237,アサヒ　ファミリーセット　ＪＳ－３Ｆ×３,4901004,100000,140000,140700,140701,4901004_アサヒビール,100000_食　品,140000_飲料・酒類,140700_酒類を含むセット商品,140701_酒類を含むセット商品
59,4901070303236,ムシューダ防虫カバー　１年間有効　スーツ用　８枚入,4901070,200000,210000,213200,213201,4901070_エステー,200000_日用品,210000_日用雑貨,213200_防虫・除湿・乾燥剤,213201_防虫剤
60,4901020396073,アツギ　ＬＬＬ　３５７　４Ｐ　ＦＰ１０２８４Ｐ,4901020,500000,510000,510100,510115,4901020_アツギ,500000_衣料・身回り品,510000_衣料・衣服,510100_肌着・靴下,510115_婦人靴下
61,4901065875052,オーエ　ハンガー角　ピンチ３２Ｐ　Ｂ,4901065,200000,240000,240300,240303,4901065_オーエ,200000_日用品,240000_家庭用品,240300_洗濯・物干し用品,240303_物干し用品
62,4937292999346,ウッドストック　懐メロＣＤ１４８０円　１Ｐ,4937292,300000,340000,340900,340901,4937292_ウッドストック,300000_文化用品,340000_楽器・音響ソフト,340900_記録物類,340901_ディスク式記録物類
63,4902775059978,おやつＣ　ピザ生地Ｃ濃厚チーズピザ　３８ｇ,4902775,100000,130000,130100,130131,4902775_おやつカンパニー,100000_食　品,130000_菓子類,130100_菓子,130131_スナック
64,4515927000096,石田屋　紳士ヘップ　＃２５８０,4515927,500000,550000,550500,550548,4515927_石田屋商店,500000_衣料・身回り品,550000_靴・履物,550500_メンズ（合皮）,550548_ヘップサンダル
65,4955129024764,たらみ　濃いぶどうゼリー　０ｋｃａｌ　１９５ｇ,4955129,100000,130000,130200,130203,4955129_たらみ,100000_食　品,130000_菓子類,130200_デザート・ヨーグルト,130203_デザート類
66,4901872374526,ＢＶ　ヘアソリツド　　８０ｇ,4901872,200000,230000,232800,232815,4901872_資生堂,200000_日用品,230000_化粧品,232800_男性化粧品,232815_男性用ブロー・スタイリング剤
67,4970093009340,池田　アヒルちゃんのバケツセット　９３４０,4970093,300000,320000,321500,321501,4970093_池田工業社,300000_文化用品,320000_玩具,321500_保育玩具,321501_バストーイ
68,4901470510463,極東　意味順ノート　ＣＦ０１Ｆ１５,4901470,300000,310000,310700,310715,4901470_日本ノート,300000_文化用品,310000_文具・事務用品・情報文具,310700_教育関連用品,310715_学童用品・教材教具
69,4903301286462,エキタイトップＶギフト　ＬＥＶ－５０Ｓ,4903301,200000,290000,290100,290101,4903301_ライオン,200000_日用品,290000_その他日用品,290100_日用贈答品,290101_日用贈答品
70,4954753081686,生活の木　有機マキベリー１００％パウダー　２０ｇ,4954753,100000,110000,119700,119701,4954753_生活の木,100000_食　品,110000_加工食品,119700_その他加工食品,119701_農産加工品
71,4902506304827,ぺんてる　ゲルＢＰきらり　ＸＫＬ３０７Ｐ－Ａ,4902506,300000,310000,310400,310405,4902506_ぺんてる,300000_文化用品,310000_文具・事務用品・情報文具,310400_筆記用具,310405_ボールペン
72,4987300057612,アンチスタックス　６０カプセル,4987300,200000,220000,223900,223997,4987300_エスエス製薬,200000_日用品,220000_ＯＴＣ医薬品類,223900_その他のＯＴＣ医薬品,223997_その他のＯＴＣ医薬品
73,4978035030667,萬藤　玄米粉　１６０ｇ,4978035,100000,110000,111000,111015,4978035_萬藤,100000_食　品,110000_加工食品,111000_粉類,111015_米粉
74,4939334130113,スズキ　ハーモニカ１５穴　Ｓ－１５Ｃ,4939334,300000,340000,340200,340205,4939334_鈴木楽器製作所,300000_文化用品,340000_楽器・音響ソフト,340200_オルガン類,340205_ハーモニカ
75,4960999904900,ＣＡＮＯＮ　カートリッジ　ＢＣＩ－３５１ＸＬＧＹ,4960999,400000,460000,466300,466330,4960999_キヤノン,400000_耐久消費財,460000_家電,466300_消耗部品,466330_プリンターリボン
76,4901605512232,サンヨー堂　つぶあん　２５０ｇ,4901605,100000,110000,111100,111197,4901605_サンヨー堂,100000_食　品,110000_加工食品,111100_ホームメイキング材料,111197_その他ホームメイキング材料
77,4904118227815,日技　わくわくパック３　６０枚,4904118,300000,310000,310600,310613,4904118_日本技研工業,300000_文化用品,310000_文具・事務用品・情報文具,310600_日用紙製品,310613_包装用品
78,4580467670207,アマティアス　ラブキューピットハッピー　１００ｍｌ,458046767,200000,230000,232400,232403,458046767_ヒューマンクラッチ,200000_日用品,230000_化粧品,232400_フレグランス,232403_トワレ
79,4970050039496,一正　さつま揚　６枚,4970050,100000,110000,111600,111607,4970050_一正蒲鉾,100000_食　品,110000_加工食品,111600_練り製品,111607_揚げ物
80,4902220066216,ＣＯＯＰ　花かつお　７０ｇ,4902220,100000,110000,112100,112111,4902220_日本生活協同組合連合会,100000_食　品,110000_加工食品,112100_加工水産,112111_削り節・かつお節
81,4901901289838,マルハ　あさりしょうが煮ＥＯ　Ｆ３Ｒ　９０ｇ,456220215,100000,110000,110800,110801,456220215_マルハニチロ,100000_食　品,110000_加工食品,110800_缶詰,110801_水産缶詰（マグロ・カツオ以外）
82,4901065618901,オーエ　ヒアルロン酸配合軽石,4901065,200000,240000,240500,240505,4901065_オーエ,200000_日用品,240000_家庭用品,240500_浴室・トイレ用品,240505_身体洗い用品
83,4987603431225,サルバ　ガーゼねまき　着ごこち　女性用　Ｌ,4987603,500000,530000,530700,530709,4987603_白十字,500000_衣料・身回り品,530000_寝具・寝装品,530700_寝装品,530709_ねまき
84,4904901408568,ＤＢＫ　アゾニック　　　ステンレスハサミ,4904901,300000,310000,310300,310313,4904901_デビカ,300000_文化用品,310000_文具・事務用品・情報文具,310300_事務用品,310313_はさみ
85,4973007302742,カーメイト　サイアロマ　ハート　ＷＭ　４５ｇ,4973007,400000,430000,431600,431601,4973007_カーメイト,400000_耐久消費財,430000_車両用品,431600_車用アクセサリー,431601_車用芳香、消臭、脱臭剤
86,4537944263605,徳武　早快マジックオープン紺　ＬＬ,4537944,500000,550000,551000,551091,4537944_徳武産業,500000_衣料・身回り品,550000_靴・履物,551000_その他の靴,551091_ルームシューズ
87,49716276,ハウス　カレーＰ　牛乳でマンゴーラッシー　５０ｇ,4902402,100000,140000,140100,140197,4902402_ハウス食品,100000_食　品,140000_飲料・酒類,140100_嗜好飲料,140197_その他嗜好飲料
88,4562478930310,１９カレンダー　オードリーヘプバーン,456247893,300000,310000,319700,319797,456247893_ウイング,300000_文化用品,310000_文具・事務用品・情報文具,319700_一般文具・事務用品・情報文具,319797_その他一般文具・事務用品・情報文具
89,4972370222442,九鬼　深煎りいりごま白　６５ｇ,4972370,100000,110000,112000,112001,4972370_九鬼産業,100000_食　品,110000_加工食品,112000_農産乾物,112001_ゴマ
90,4973550211935,塩野　かつお沢庵　１本,4973550,100000,110000,111700,111701,4973550_塩野,100000_食　品,110000_加工食品,111700_漬物・佃煮,111701_漬物
91,4976814111118,ハヤシ　ＢＢ弾　６ｍｍ　２５０発,4976814,300000,320000,322100,322105,4976814_ハヤシ玩具製作所,300000_文化用品,320000_玩具,322100_ガン,322105_ガン用品
92,4903351003989,ＰＥＴＫＩＳＳ　歯みがきジェル　チキン風味　４０ｇ,4903351,200000,260000,262100,262103,4903351_ライオン商事,200000_日用品,260000_ペット用品,262100_犬,262103_犬用品・用具
93,4920569001125,ＭＪ　ＰＬモクグレンＣＫ２タックＳＬレングス,4920569,500000,510000,510300,510309,4920569_水甚,500000_衣料・身回り品,510000_衣料・衣服,510300_紳士衣料,510309_スラックス
94,4901478142000,クツワ　ハケつき工作用ニス,4901478,200000,250000,250200,250207,4901478_クツワ,200000_日用品,250000_ＤＩＹ用品,250200_建築・塗装材料,250207_塗装材料
95,4987316092898,エクセルーラ　パワーローションＲラージ　２４０ｍｌ,4987316,200000,230000,232100,232107,4987316_佐藤製薬,200000_日用品,230000_化粧品,232100_基礎化粧品,232107_化粧水
96,4901638600715,正栄食品　ジャイアントコーン　９０ｇ,4901638,100000,130000,130300,130301,4901638_正栄食品工業,100000_食　品,130000_菓子類,130300_珍味,130301_農産珍味
97,4902023630096,大平　フラットファイルＡ４青　３Ｐ,4902023,300000,310000,310200,310201,4902023_大平紙業,300000_文化用品,310000_文具・事務用品・情報文具,310200_ファイル・バインダー,310201_ファイル
98,4560143851144,リッチ　硬質カードケース　Ｂ４,456014385,300000,310000,310100,310103,456014385_リッチ,300000_文化用品,310000_文具・事務用品・情報文具,310100_情報整理用品,310103_カードケース・ボックス
99,4946842638062,アサヒ　シュワーベギンコ　イチョウ葉エキス　４５粒,4987244,100000,190000,190200,190201,4987244_アサヒグループ食品,100000_食　品,190000_その他食品,190200_健康食品,190201_健康食品
100,3308440051666,フレシェール　ドゥ　シュッド　ロゼ　７５０ｍｌ,0,100000,140000,140600,140651,000000000_不明,100000_食　品,140000_飲料・酒類,140600_アルコール飲料,140651_果実酒
